{"cameraMode":{"drawMode":0,"name":"Shaded","section":"Shading Mode"},"sceneLighting":true,"audioPlay":false,"sceneViewState":{"m_AlwaysRefresh":false,"showFog":true,"showSkybox":true,"showFlares":true,"showImageEffects":true,"showParticleSystems":true,"showVisualEffectGraphs":true,"m_FxEnabled":true},"in2DMode":false,"pivot":{"x":-0.5738396048545837,"y":-6.524059772491455,"z":16.834020614624025},"rotation":{"x":0.18286128342151643,"y":-0.00411476893350482,"z":0.000759907765313983,"w":0.9831271171569824},"size":10.157610893249512,"orthographic":false}